X,Y,BA_residual
609000,1549000,-2.974533081
610000,1549000,-2.29094696
611000,1549000,-1.838233948
612000,1549000,-1.948402405
613000,1549000,-4.192993164
614000,1549000,-8.834197998
615000,1549000,-13.18618011
616000,1549000,-14.85531616
617000,1549000,-15.28099823
618000,1549000,-15.92926025
619000,1549000,-15.98223114
620000,1549000,-14.68032837
621000,1549000,-12.62886047
622000,1549000,-11.15485382
623000,1549000,-8.773612976
624000,1549000,-6.336997986
625000,1549000,-5.621757507
626000,1549000,-5.78352356
627000,1549000,-6.370269775
628000,1549000,-7.224143982
629000,1549000,-8.345954895
630000,1549000,-9.672615051
631000,1549000,-10.84764099
632000,1549000,-11.56996155
633000,1549000,-11.8644104
634000,1549000,-12.02002716
635000,1549000,-10.82106781
636000,1549000,-10.29212952
637000,1549000,-8.747840881
638000,1549000,-7.178504944
639000,1549000,-5.177429199
640000,1549000,-3.788444519
641000,1549000,-2.57459259
642000,1549000,-1.336540222
643000,1549000,0.023986816
644000,1549000,1.492218018
645000,1549000,2.002868652
646000,1549000,2.419143677
647000,1549000,3.8331604
648000,1549000,5.64768219
649000,1549000,8.228340149
650000,1549000,9.344985962
651000,1549000,9.837875366
652000,1549000,9.76209259
653000,1549000,9.201553345
654000,1549000,8.188735962
655000,1549000,6.884933472
656000,1549000,5.644882202
657000,1549000,5.14225769
658000,1549000,6.032119751
659000,1549000,7.62461853
660000,1549000,9.437858582
661000,1549000,9.620895386
609000,1550000,-5.170402527
610000,1550000,-4.557891846
611000,1550000,-3.746131897
612000,1550000,-3.263336182
613000,1550000,-4.728904724
614000,1550000,-8.564620972
615000,1550000,-13.73149872
616000,1550000,-14.58055878
617000,1550000,-14.20641327
618000,1550000,-14.633461
619000,1550000,-15.56533051
620000,1550000,-14.5977478
621000,1550000,-12.65704346
622000,1550000,-11.46609497
623000,1550000,-10.4464035
624000,1550000,-7.066192627
625000,1550000,-5.433876038
626000,1550000,-6.398597717
627000,1550000,-6.994102478
628000,1550000,-7.766456604
629000,1550000,-8.724617004
630000,1550000,-9.76763916
631000,1550000,-10.84518433
632000,1550000,-11.64884186
633000,1550000,-11.79309845
634000,1550000,-11.61452484
635000,1550000,-10.70054626
636000,1550000,-9.526527405
637000,1550000,-7.19203949
638000,1550000,-4.681175232
639000,1550000,-2.960838318
640000,1550000,-2.040496826
641000,1550000,-1.338020325
642000,1550000,-0.418319702
643000,1550000,0.900611877
644000,1550000,2.274589539
645000,1550000,2.858276367
646000,1550000,3.927993774
647000,1550000,5.96206665
648000,1550000,8.268669128
649000,1550000,10.20777893
650000,1550000,11.1651001
651000,1550000,11.47961426
652000,1550000,11.78324127
653000,1550000,11.57846832
654000,1550000,10.92453003
655000,1550000,9.713226318
656000,1550000,8.365524292
657000,1550000,7.657661438
658000,1550000,8.674781799
659000,1550000,10.13640594
660000,1550000,11.02386475
661000,1550000,10.50577545
609000,1551000,-7.045288086
610000,1551000,-6.584747314
611000,1551000,-5.561859131
612000,1551000,-4.655441284
613000,1551000,-5.408821106
614000,1551000,-8.582313538
615000,1551000,-12.97954559
616000,1551000,-13.84774017
617000,1551000,-12.95321655
618000,1551000,-13.03729248
619000,1551000,-14.22615814
620000,1551000,-14.17042542
621000,1551000,-13.10571289
622000,1551000,-12.20031738
623000,1551000,-11.24415588
624000,1551000,-7.823577881
625000,1551000,-6.569313049
626000,1551000,-8.094360352
627000,1551000,-7.984863281
628000,1551000,-7.927780151
629000,1551000,-8.648239136
630000,1551000,-9.497848511
631000,1551000,-10.46183777
632000,1551000,-11.26298523
633000,1551000,-11.27561188
634000,1551000,-10.84819794
635000,1551000,-10.0655899
636000,1551000,-8.735916138
637000,1551000,-5.321739197
638000,1551000,-0.878807068
639000,1551000,-0.026176453
640000,1551000,-0.230148315
641000,1551000,-0.19493103
642000,1551000,0.431533813
643000,1551000,1.757514954
644000,1551000,2.821838379
645000,1551000,4.434783936
646000,1551000,6.288139343
647000,1551000,8.753883362
648000,1551000,11.35939026
649000,1551000,12.06989288
650000,1551000,13.18811798
651000,1551000,13.54882813
652000,1551000,14.06188202
653000,1551000,14.15338898
654000,1551000,13.94069672
655000,1551000,12.77124786
656000,1551000,11.33911896
657000,1551000,10.60053253
658000,1551000,10.74288177
659000,1551000,12.1342392
660000,1551000,12.03466797
661000,1551000,10.7725296
609000,1552000,-8.545013428
610000,1552000,-8.735618591
611000,1552000,-7.985107422
612000,1552000,-6.847442627
613000,1552000,-6.872962952
614000,1552000,-9.457977295
615000,1552000,-13.8102417
616000,1552000,-13.94116974
617000,1552000,-13.63768768
618000,1552000,-13.38320923
619000,1552000,-13.91855621
620000,1552000,-13.93972778
621000,1552000,-13.26837921
622000,1552000,-12.60838318
623000,1552000,-11.65766144
624000,1552000,-9.892410278
625000,1552000,-7.827636719
626000,1552000,-9.199867249
627000,1552000,-8.655418396
628000,1552000,-8.228775024
629000,1552000,-8.20640564
630000,1552000,-8.810256958
631000,1552000,-9.630447388
632000,1552000,-10.33317566
633000,1552000,-10.20677948
634000,1552000,-9.585258484
635000,1552000,-8.468269348
636000,1552000,-6.62979126
637000,1552000,-2.400917053
638000,1552000,0.606437683
639000,1552000,1.466094971
640000,1552000,0.402160645
641000,1552000,0.315704346
642000,1552000,1.043624878
643000,1552000,2.723320007
644000,1552000,3.622337341
645000,1552000,6.375144958
646000,1552000,8.970703125
647000,1552000,11.32106018
648000,1552000,13.48305511
649000,1552000,13.65032959
650000,1552000,14.90299225
651000,1552000,15.82617188
652000,1552000,16.50115967
653000,1552000,16.96931458
654000,1552000,17.08631134
655000,1552000,15.62915039
656000,1552000,14.1018219
657000,1552000,13.09622192
658000,1552000,12.41863251
659000,1552000,12.03546906
660000,1552000,11.00141907
661000,1552000,10.97661591
609000,1553000,-9.875762939
610000,1553000,-10.57782745
611000,1553000,-10.2151947
612000,1553000,-9.178314209
613000,1553000,-9.009208679
614000,1553000,-11.17408752
615000,1553000,-14.6688385
616000,1553000,-15.05252838
617000,1553000,-15.26922607
618000,1553000,-14.67201233
619000,1553000,-13.9426651
620000,1553000,-13.42475128
621000,1553000,-12.96788025
622000,1553000,-12.75465393
623000,1553000,-12.33802795
624000,1553000,-11.10731506
625000,1553000,-8.91255188
626000,1553000,-9.461578369
627000,1553000,-9.609855652
628000,1553000,-9.108451843
629000,1553000,-8.256561279
630000,1553000,-8.562637329
631000,1553000,-9.824516296
632000,1553000,-9.684196472
633000,1553000,-8.932121277
634000,1553000,-7.892082214
635000,1553000,-6.685058594
636000,1553000,-4.100982666
637000,1553000,0.267326355
638000,1553000,0.700927734
639000,1553000,0.170661926
640000,1553000,-0.135505676
641000,1553000,0.305038452
642000,1553000,1.393531799
643000,1553000,3.866500854
644000,1553000,6.007064819
645000,1553000,9.600563049
646000,1553000,12.50613403
647000,1553000,14.3986969
648000,1553000,15.73356628
649000,1553000,16.33791351
650000,1553000,17.11404419
651000,1553000,17.88924789
652000,1553000,18.54254532
653000,1553000,19.03289032
654000,1553000,19.17687225
655000,1553000,17.55298233
656000,1553000,16.00136948
657000,1553000,14.59069824
658000,1553000,13.50793457
659000,1553000,12.86039734
660000,1553000,12.38838196
661000,1553000,11.23014069
609000,1554000,-10.74001312
610000,1554000,-11.90544128
611000,1554000,-12.27722168
612000,1554000,-11.75079346
613000,1554000,-11.76520538
614000,1554000,-13.84472656
615000,1554000,-16.29579926
616000,1554000,-16.57798767
617000,1554000,-16.1177597
618000,1554000,-15.15888977
619000,1554000,-13.6992569
620000,1554000,-12.69747162
621000,1554000,-12.22265625
622000,1554000,-12.06733704
623000,1554000,-11.81008911
624000,1554000,-11.18373108
625000,1554000,-10.3953476
626000,1554000,-9.735221863
627000,1554000,-8.83430481
628000,1554000,-8.633407593
629000,1554000,-8.284385681
630000,1554000,-8.499343872
631000,1554000,-9.018486023
632000,1554000,-8.446670532
633000,1554000,-7.690673828
634000,1554000,-5.872627258
635000,1554000,-3.474441528
636000,1554000,-2.104576111
637000,1554000,-0.287124634
638000,1554000,0.179527283
639000,1554000,0.093002319
640000,1554000,0.121498108
641000,1554000,0.866668701
642000,1554000,2.550979614
643000,1554000,5.843162537
644000,1554000,7.841690063
645000,1554000,13.63491058
646000,1554000,15.99032593
647000,1554000,17.05571747
648000,1554000,17.88917542
649000,1554000,18.49483109
650000,1554000,19.08982086
651000,1554000,19.63780594
652000,1554000,20.08169174
653000,1554000,20.29063416
654000,1554000,20.07302475
655000,1554000,18.61365128
656000,1554000,16.55487442
657000,1554000,15.1374054
658000,1554000,13.45391083
659000,1554000,12.33414459
660000,1554000,11.46564484
661000,1554000,9.887954712
609000,1555000,-12.04837036
610000,1555000,-13.90591431
611000,1555000,-14.67233276
612000,1555000,-14.50848389
613000,1555000,-14.57785797
614000,1555000,-15.81700134
615000,1555000,-17.11865234
616000,1555000,-17.11508179
617000,1555000,-16.28279114
618000,1555000,-15.01958466
619000,1555000,-12.82456207
620000,1555000,-11.88634491
621000,1555000,-11.314888
622000,1555000,-11.06060028
623000,1555000,-11.01673126
624000,1555000,-10.82592773
625000,1555000,-10.38422394
626000,1555000,-9.643989563
627000,1555000,-8.908744812
628000,1555000,-8.364105225
629000,1555000,-8.011772156
630000,1555000,-8.121330261
631000,1555000,-8.517189026
632000,1555000,-8.533660889
633000,1555000,-7.687896729
634000,1555000,-4.793609619
635000,1555000,-1.287719727
636000,1555000,-1.336380005
637000,1555000,-0.877571106
638000,1555000,0.175636292
639000,1555000,0.581329346
640000,1555000,0.496154785
641000,1555000,1.573043823
642000,1555000,4.187042236
643000,1555000,8.181495667
644000,1555000,8.56124115
645000,1555000,13.9644165
646000,1555000,17.9929657
647000,1555000,18.80701447
648000,1555000,19.44421005
649000,1555000,20.03604126
650000,1555000,20.58111954
651000,1555000,21.01644897
652000,1555000,21.3010788
653000,1555000,21.37733078
654000,1555000,21.09326935
655000,1555000,19.86057663
656000,1555000,17.59173584
657000,1555000,15.86068726
658000,1555000,12.88369751
659000,1555000,11.52111053
660000,1555000,10.85600281
661000,1555000,10.32476807
609000,1556000,-13.57655334
610000,1556000,-15.78177643
611000,1556000,-16.35346985
612000,1556000,-16.60327911
613000,1556000,-16.95846558
614000,1556000,-16.98091888
615000,1556000,-17.09123993
616000,1556000,-17.34941864
617000,1556000,-17.02030182
618000,1556000,-15.82850647
619000,1556000,-13.19444275
620000,1556000,-11.74350739
621000,1556000,-10.853302
622000,1556000,-10.63303375
623000,1556000,-10.60797119
624000,1556000,-10.37056732
625000,1556000,-10.09541321
626000,1556000,-9.392486572
627000,1556000,-8.573097229
628000,1556000,-7.931846619
629000,1556000,-7.486862183
630000,1556000,-7.340950012
631000,1556000,-7.454711914
632000,1556000,-7.407981873
633000,1556000,-5.786437988
634000,1556000,-3.0050354
635000,1556000,-1.025917053
636000,1556000,-2.440658569
637000,1556000,-1.218055725
638000,1556000,0.280799866
639000,1556000,0.545173645
640000,1556000,1.045959473
641000,1556000,2.516967773
642000,1556000,7.090744019
643000,1556000,11.94060516
644000,1556000,13.64660645
645000,1556000,16.28089905
646000,1556000,18.76165009
647000,1556000,19.67716599
648000,1556000,20.33966064
649000,1556000,20.99328613
650000,1556000,21.59984207
651000,1556000,22.01333618
652000,1556000,22.15382385
653000,1556000,22.06238174
654000,1556000,21.91742325
655000,1556000,20.94732666
656000,1556000,18.71605682
657000,1556000,16.29508209
658000,1556000,12.92493439
659000,1556000,11.57907104
660000,1556000,10.72802734
661000,1556000,10.4254837
609000,1557000,-13.4320755
610000,1557000,-16.0788269
611000,1557000,-17.28827667
612000,1557000,-17.6304245
613000,1557000,-17.75273132
614000,1557000,-17.39698029
615000,1557000,-17.21443939
616000,1557000,-17.38331604
617000,1557000,-17.1713562
618000,1557000,-15.76413727
619000,1557000,-13.01721954
620000,1557000,-11.03861237
621000,1557000,-9.928901672
622000,1557000,-10.08110809
623000,1557000,-10.15841675
624000,1557000,-9.697212219
625000,1557000,-9.548027039
626000,1557000,-8.277961731
627000,1557000,-7.579650879
628000,1557000,-7.037628174
629000,1557000,-6.70614624
630000,1557000,-6.382774353
631000,1557000,-5.856575012
632000,1557000,-5.510314941
633000,1557000,-4.198699951
634000,1557000,-2.196243286
635000,1557000,-1.139442444
636000,1557000,-1.999778748
637000,1557000,-0.581085205
638000,1557000,0.514755249
639000,1557000,0.966362
640000,1557000,2.121322632
641000,1557000,4.311439514
642000,1557000,9.320228577
643000,1557000,13.97267914
644000,1557000,16.01122284
645000,1557000,17.34125519
646000,1557000,18.85574341
647000,1557000,20.26865005
648000,1557000,20.7848587
649000,1557000,21.49579239
650000,1557000,22.23701477
651000,1557000,22.57022476
652000,1557000,22.42871475
653000,1557000,22.0112381
654000,1557000,21.49622345
655000,1557000,20.39354324
656000,1557000,18.29632187
657000,1557000,15.73752975
658000,1557000,13.02840424
659000,1557000,11.39474487
660000,1557000,10.58151245
661000,1557000,9.7759552
608000,1558000,-9.261604309
609000,1558000,-12.69329834
610000,1558000,-15.87220764
611000,1558000,-17.4863205
612000,1558000,-17.9668808
613000,1558000,-17.94717407
614000,1558000,-17.3339386
615000,1558000,-16.95092773
616000,1558000,-16.71483612
617000,1558000,-16.02138519
618000,1558000,-14.03851318
619000,1558000,-11.75882721
620000,1558000,-9.990325928
621000,1558000,-9.745109558
622000,1558000,-9.56526947
623000,1558000,-9.504798889
624000,1558000,-9.070793152
625000,1558000,-8.320671082
626000,1558000,-7.023986816
627000,1558000,-5.580131531
628000,1558000,-5.636138916
629000,1558000,-5.815246582
630000,1558000,-5.582237244
631000,1558000,-4.979400635
632000,1558000,-4.184410095
633000,1558000,-2.947357178
634000,1558000,-1.435623169
635000,1558000,-0.523109436
636000,1558000,-0.022506714
637000,1558000,0.556663513
638000,1558000,1.118507385
639000,1558000,1.67855072
640000,1558000,3.205955505
641000,1558000,5.967826843
642000,1558000,10.47310638
643000,1558000,14.45336914
644000,1558000,16.63866425
645000,1558000,18.1630249
646000,1558000,19.55837631
647000,1558000,21.09614944
648000,1558000,21.21851349
649000,1558000,21.79169083
650000,1558000,22.48151016
651000,1558000,22.60105515
652000,1558000,21.94195938
653000,1558000,21.26022339
654000,1558000,20.40295792
655000,1558000,19.20691681
656000,1558000,17.25946808
657000,1558000,14.88758087
658000,1558000,12.48871613
659000,1558000,10.59549713
660000,1558000,10.15254974
661000,1558000,8.793388367
608000,1559000,-8.484870911
609000,1559000,-12.00741577
610000,1559000,-15.30635834
611000,1559000,-16.88870239
612000,1559000,-17.508461
613000,1559000,-17.45815277
614000,1559000,-16.95116425
615000,1559000,-16.50016785
616000,1559000,-15.43979645
617000,1559000,-13.52952576
618000,1559000,-12.53097534
619000,1559000,-11.48852539
620000,1559000,-10.31839752
621000,1559000,-9.483833313
622000,1559000,-8.887428284
623000,1559000,-8.665466309
624000,1559000,-8.347328186
625000,1559000,-7.619560242
626000,1559000,-6.156600952
627000,1559000,-4.04624939
628000,1559000,-4.838447571
629000,1559000,-4.821212769
630000,1559000,-4.422439575
631000,1559000,-4.010452271
632000,1559000,-3.110412598
633000,1559000,-1.7397995
634000,1559000,-0.360298157
635000,1559000,0.570747375
636000,1559000,1.137893677
637000,1559000,1.389335632
638000,1559000,2.282867432
639000,1559000,2.790374756
640000,1559000,4.685379028
641000,1559000,8.457946777
642000,1559000,12.10373688
643000,1559000,15.43936157
644000,1559000,17.39474487
645000,1559000,19.2053566
646000,1559000,20.54476166
647000,1559000,21.49304962
648000,1559000,21.71389771
649000,1559000,21.89151001
650000,1559000,22.0313797
651000,1559000,21.68910217
652000,1559000,20.44704056
653000,1559000,19.9618454
654000,1559000,19.42006302
655000,1559000,18.05888367
656000,1559000,16.12129211
657000,1559000,13.86376953
658000,1559000,11.67020416
659000,1559000,10.55207825
660000,1559000,9.55947876
661000,1559000,7.278816223
608000,1560000,-8.210746765
609000,1560000,-12.25926208
610000,1560000,-14.98794556
611000,1560000,-16.31719971
612000,1560000,-16.84325409
613000,1560000,-16.74668884
614000,1560000,-16.25639343
615000,1560000,-15.73532867
616000,1560000,-14.71424866
617000,1560000,-12.71203613
618000,1560000,-12.49549103
619000,1560000,-11.71193695
620000,1560000,-10.49510956
621000,1560000,-8.996055603
622000,1560000,-8.143333435
623000,1560000,-7.560638428
624000,1560000,-7.236610413
625000,1560000,-6.917366028
626000,1560000,-6.317382813
627000,1560000,-4.065971375
628000,1560000,-4.088371277
629000,1560000,-3.749328613
630000,1560000,-3.194923401
631000,1560000,-3.000480652
632000,1560000,-2.379669189
633000,1560000,-0.511375427
634000,1560000,0.913406372
635000,1560000,1.605461121
636000,1560000,2.427322388
637000,1560000,2.478530884
638000,1560000,3.088241577
639000,1560000,4.18132019
640000,1560000,7.469573975
641000,1560000,11.76807404
642000,1560000,13.99443054
643000,1560000,16.7857666
644000,1560000,19.04782867
645000,1560000,21.26107025
646000,1560000,22.128479
647000,1560000,22.12347031
648000,1560000,21.69862366
649000,1560000,21.4656601
650000,1560000,20.93938446
651000,1560000,19.92470932
652000,1560000,18.71239853
653000,1560000,18.70013046
654000,1560000,18.65591049
655000,1560000,17.07322311
656000,1560000,14.9477005
657000,1560000,12.4788208
658000,1560000,10.19267273
659000,1560000,9.84526825
660000,1560000,8.881896973
661000,1560000,6.61882019
608000,1561000,-8.159751892
609000,1561000,-12.03333282
610000,1561000,-14.2257843
611000,1561000,-15.21390533
612000,1561000,-16.18333435
613000,1561000,-16.10184479
614000,1561000,-15.37984467
615000,1561000,-15.06372833
616000,1561000,-14.81616211
617000,1561000,-14.05386353
618000,1561000,-13.48912048
619000,1561000,-12.66880035
620000,1561000,-10.54238129
621000,1561000,-8.505561829
622000,1561000,-7.810577393
623000,1561000,-7.032371521
624000,1561000,-6.515335083
625000,1561000,-6.08391571
626000,1561000,-5.266273499
627000,1561000,-3.770797729
628000,1561000,-3.175018311
629000,1561000,-2.365898132
630000,1561000,-1.809555054
631000,1561000,-1.927894592
632000,1561000,-1.524078369
633000,1561000,1.025917053
634000,1561000,2.129562378
635000,1561000,2.208061218
636000,1561000,2.531082153
637000,1561000,2.504295349
638000,1561000,2.578590393
639000,1561000,6.300575256
640000,1561000,9.019889832
641000,1561000,13.49994659
642000,1561000,16.78397369
643000,1561000,19.15418243
644000,1561000,21.06933594
645000,1561000,22.91166306
646000,1561000,23.08682251
647000,1561000,22.13531876
648000,1561000,20.99873734
649000,1561000,20.8861351
650000,1561000,20.15680313
651000,1561000,19.10527802
652000,1561000,18.22557831
653000,1561000,17.99988174
654000,1561000,17.70464706
655000,1561000,15.8181076
656000,1561000,13.95388031
657000,1561000,11.91507721
658000,1561000,9.691749573
659000,1561000,9.430137634
660000,1561000,8.511779785
661000,1561000,6.818359375
608000,1562000,-7.874420166
609000,1562000,-11.42022705
610000,1562000,-13.32357788
611000,1562000,-14.21795654
612000,1562000,-15.17420959
613000,1562000,-15.10528564
614000,1562000,-14.06958008
615000,1562000,-14.04712677
616000,1562000,-14.2505722
617000,1562000,-14.46018219
618000,1562000,-13.83840179
619000,1562000,-12.59268188
620000,1562000,-9.913139343
621000,1562000,-7.651100159
622000,1562000,-7.234855652
623000,1562000,-6.356452942
624000,1562000,-5.645454407
625000,1562000,-5.455635071
626000,1562000,-4.794036865
627000,1562000,-2.962905884
628000,1562000,-1.986572266
629000,1562000,-0.573745728
630000,1562000,0.175857544
631000,1562000,-0.795532227
632000,1562000,0.401367188
633000,1562000,2.36151886
634000,1562000,3.312240601
635000,1562000,2.846199036
636000,1562000,2.87563324
637000,1562000,3.477233887
638000,1562000,5.458450317
639000,1562000,7.063552856
640000,1562000,10.65364838
641000,1562000,20.16635895
642000,1562000,20.58486176
643000,1562000,20.99937057
644000,1562000,21.81814575
645000,1562000,22.88927078
646000,1562000,23.25662613
647000,1562000,23.03100204
648000,1562000,22.50861359
649000,1562000,20.92206573
650000,1562000,19.36576462
651000,1562000,18.11476898
652000,1562000,17.36434174
653000,1562000,17.01524353
654000,1562000,16.31287003
655000,1562000,14.81794739
656000,1562000,13.93950653
657000,1562000,11.7436676
658000,1562000,9.331207275
659000,1562000,9.086540222
660000,1562000,7.984855652
661000,1562000,6.478393555
608000,1563000,-8.426277161
609000,1563000,-11.04193878
610000,1563000,-12.60189819
611000,1563000,-13.58274841
612000,1563000,-14.45313263
613000,1563000,-14.36464691
614000,1563000,-13.42264557
615000,1563000,-13.2770462
616000,1563000,-13.29368591
617000,1563000,-13.52481079
618000,1563000,-13.26329041
619000,1563000,-11.4704895
620000,1563000,-8.83631897
621000,1563000,-7.013160706
622000,1563000,-6.447067261
623000,1563000,-5.959594727
624000,1563000,-4.930549622
625000,1563000,-4.537139893
626000,1563000,-3.706459045
627000,1563000,-1.541358948
628000,1563000,-0.76877594
629000,1563000,0.649177551
630000,1563000,1.66632843
631000,1563000,1.229797363
632000,1563000,3.197158813
633000,1563000,4.127380371
634000,1563000,4.635292053
635000,1563000,3.749763489
636000,1563000,4.287017822
637000,1563000,5.460319519
638000,1563000,7.29699707
639000,1563000,7.345672607
640000,1563000,10.81515503
641000,1563000,16.6688385
642000,1563000,19.29807281
643000,1563000,20.0337677
644000,1563000,19.80715179
645000,1563000,20.87472534
646000,1563000,21.81519699
647000,1563000,21.93576431
648000,1563000,21.12963867
649000,1563000,19.28820419
650000,1563000,17.37108994
651000,1563000,16.15652847
652000,1563000,15.7138443
653000,1563000,15.73976898
654000,1563000,15.30307007
655000,1563000,14.29537964
656000,1563000,12.91234589
657000,1563000,10.53331757
658000,1563000,8.750793457
659000,1563000,8.603752136
660000,1563000,7.753692627
661000,1563000,7.580436707
608000,1564000,-8.666908264
609000,1564000,-11.22027588
610000,1564000,-12.40952301
611000,1564000,-12.85408783
612000,1564000,-13.55783081
613000,1564000,-13.63545227
614000,1564000,-13.32422638
615000,1564000,-12.80879211
616000,1564000,-12.20336914
617000,1564000,-12.42781067
618000,1564000,-12.0552597
619000,1564000,-10.72906494
620000,1564000,-8.601905823
621000,1564000,-6.98449707
622000,1564000,-6.122810364
623000,1564000,-5.297309875
624000,1564000,-4.47844696
625000,1564000,-3.630187988
626000,1564000,-2.382698059
627000,1564000,-0.50592041
628000,1564000,0.718925476
629000,1564000,1.764984131
630000,1564000,2.597923279
631000,1564000,3.262321472
632000,1564000,4.768257141
633000,1564000,5.319511414
634000,1564000,4.791748047
635000,1564000,4.836555481
636000,1564000,5.786148071
637000,1564000,7.149795532
638000,1564000,8.875366211
639000,1564000,10.2469101
640000,1564000,13.01474762
641000,1564000,15.85710907
642000,1564000,17.33300781
643000,1564000,17.86967468
644000,1564000,15.2338562
645000,1564000,15.37525177
646000,1564000,17.31790161
647000,1564000,17.8858223
648000,1564000,17.81414795
649000,1564000,16.15252686
650000,1564000,13.84471893
651000,1564000,12.66047668
652000,1564000,12.92486572
653000,1564000,13.99141693
654000,1564000,14.45034027
655000,1564000,13.00715637
656000,1564000,11.68611908
657000,1564000,9.4974823
658000,1564000,8.68875885
659000,1564000,8.488273621
660000,1564000,7.493339539
661000,1564000,7.856674194
608000,1565000,-7.819854736
609000,1565000,-10.68321228
610000,1565000,-11.92815399
611000,1565000,-11.99560547
612000,1565000,-12.45575714
613000,1565000,-12.7146759
614000,1565000,-12.74165344
615000,1565000,-12.42125702
616000,1565000,-11.43924713
617000,1565000,-11.14763641
618000,1565000,-10.56334686
619000,1565000,-9.595649719
620000,1565000,-8.002822876
621000,1565000,-6.681144714
622000,1565000,-5.913040161
623000,1565000,-5.204338074
624000,1565000,-4.369194031
625000,1565000,-3.270599365
626000,1565000,-1.984207153
627000,1565000,-0.610870361
628000,1565000,1.329200745
629000,1565000,2.861030579
630000,1565000,3.702316284
631000,1565000,4.405860901
632000,1565000,5.272087097
633000,1565000,5.998321533
634000,1565000,6.010215759
635000,1565000,6.411315918
636000,1565000,7.248687744
637000,1565000,8.431083679
638000,1565000,9.982391357
639000,1565000,11.41757202
640000,1565000,13.13863373
641000,1565000,14.63150787
642000,1565000,14.35501099
643000,1565000,12.5217514
644000,1565000,7.274688721
645000,1565000,3.379501343
646000,1565000,8.831298828
647000,1565000,11.3680954
648000,1565000,12.00288391
649000,1565000,10.93054199
650000,1565000,8.888893127
651000,1565000,7.612747192
652000,1565000,9.086051941
653000,1565000,11.72154236
654000,1565000,13.18405914
655000,1565000,12.1269455
656000,1565000,11.56909943
657000,1565000,9.294784546
658000,1565000,8.160224915
659000,1565000,7.914344788
660000,1565000,9.017852783
661000,1565000,8.92162323
608000,1566000,-7.830513
609000,1566000,-10.24903107
610000,1566000,-11.34885406
611000,1566000,-11.26364899
612000,1566000,-11.57036591
613000,1566000,-11.73084259
614000,1566000,-12.03964996
615000,1566000,-11.99205017
616000,1566000,-11.06607056
617000,1566000,-10.1678772
618000,1566000,-8.92250061
619000,1566000,-8.018188477
620000,1566000,-7.012458801
621000,1566000,-6.164840698
622000,1566000,-5.962188721
623000,1566000,-5.767127991
624000,1566000,-4.702636719
625000,1566000,-3.14213562
626000,1566000,-1.535003662
627000,1566000,0.522354126
628000,1566000,2.844093323
629000,1566000,4.255821228
630000,1566000,4.956611633
631000,1566000,5.249794006
632000,1566000,5.232749939
633000,1566000,5.692893982
634000,1566000,6.575866699
635000,1566000,7.611450195
636000,1566000,8.279800415
637000,1566000,9.004470825
638000,1566000,10.28552246
639000,1566000,11.16513062
640000,1566000,11.49488831
641000,1566000,10.77210236
642000,1566000,6.889541626
643000,1566000,3.701980591
644000,1566000,0.093818665
645000,1566000,-1.661735535
646000,1566000,1.569137573
647000,1566000,4.634407043
648000,1566000,5.8934021
649000,1566000,5.489654541
650000,1566000,3.807533264
651000,1566000,2.22743988
652000,1566000,5.482566833
653000,1566000,9.599594116
654000,1566000,12.44129181
655000,1566000,12.25324249
656000,1566000,11.29330444
657000,1566000,9.525840759
658000,1566000,7.824378967
659000,1566000,6.987586975
660000,1566000,7.889213562
661000,1566000,9.548919678
608000,1567000,-9.468521118
609000,1567000,-10.88886261
610000,1567000,-11.41712952
611000,1567000,-11.33992767
612000,1567000,-10.98069763
613000,1567000,-10.88445282
614000,1567000,-11.14943695
615000,1567000,-11.11505127
616000,1567000,-10.26483917
617000,1567000,-9.126945496
618000,1567000,-7.596221924
619000,1567000,-6.499511719
620000,1567000,-5.913658142
621000,1567000,-5.55619812
622000,1567000,-5.363418579
623000,1567000,-5.430351257
624000,1567000,-4.595977783
625000,1567000,-2.644699097
626000,1567000,-0.430686951
627000,1567000,2.383598328
628000,1567000,4.472793579
629000,1567000,5.74005127
630000,1567000,6.520042419
631000,1567000,6.461082458
632000,1567000,6.165481567
633000,1567000,6.180404663
634000,1567000,6.530471802
635000,1567000,7.417739868
636000,1567000,8.270988464
637000,1567000,8.781135559
638000,1567000,9.810531616
639000,1567000,9.765861511
640000,1567000,8.185943604
641000,1567000,3.076187134
642000,1567000,-1.046356201
643000,1567000,-3.105651855
644000,1567000,-4.380722046
645000,1567000,-4.418464661
646000,1567000,-3.03024292
647000,1567000,-0.722206116
648000,1567000,0.733337402
649000,1567000,1.00328064
650000,1567000,0.370002747
651000,1567000,-0.059669495
652000,1567000,3.377250671
653000,1567000,7.886940002
654000,1567000,11.31266022
655000,1567000,11.48564911
656000,1567000,11.204216
657000,1567000,9.464179993
658000,1567000,7.45891571
659000,1567000,6.654029846
660000,1567000,8.088409424
661000,1567000,10.4961853
608000,1568000,-10.32958984
609000,1568000,-11.05232239
610000,1568000,-11.08712769
611000,1568000,-10.81767273
612000,1568000,-10.4584198
613000,1568000,-10.46936798
614000,1568000,-10.49495697
615000,1568000,-10.12282562
616000,1568000,-9.573532104
617000,1568000,-8.455940247
618000,1568000,-6.909568787
619000,1568000,-5.879684448
620000,1568000,-5.436187744
621000,1568000,-4.928100586
622000,1568000,-4.080039978
623000,1568000,-3.839904785
624000,1568000,-2.427009583
625000,1568000,-1.446563721
626000,1568000,1.126228333
627000,1568000,3.5495224
628000,1568000,4.252159119
629000,1568000,5.911499023
630000,1568000,8.023330688
631000,1568000,7.498374939
632000,1568000,7.090820313
633000,1568000,7.009727478
634000,1568000,6.002075195
635000,1568000,7.233856201
636000,1568000,8.76738739
637000,1568000,8.724586487
638000,1568000,8.227127075
639000,1568000,8.169021606
640000,1568000,5.872634888
641000,1568000,-0.848510742
642000,1568000,-5.055206299
643000,1568000,-5.775390625
644000,1568000,-6.7029953
645000,1568000,-7.319076538
646000,1568000,-6.745254517
647000,1568000,-4.688941956
648000,1568000,-3.218856812
649000,1568000,-2.612228394
650000,1568000,-2.687408447
651000,1568000,-1.553581238
652000,1568000,2.124328613
653000,1568000,6.47026062
654000,1568000,9.67665863
655000,1568000,10.93531799
656000,1568000,10.39083099
657000,1568000,8.330513
658000,1568000,6.776115417
659000,1568000,6.562431335
660000,1568000,8.024703979
661000,1568000,9.923583984
608000,1569000,-10.46363068
609000,1569000,-10.46791077
610000,1569000,-10.12029266
611000,1569000,-10.00861359
612000,1569000,-9.962898254
613000,1569000,-10.30632019
614000,1569000,-10.04943085
615000,1569000,-8.918235779
616000,1569000,-9.470443726
617000,1569000,-8.329078674
618000,1569000,-6.49243927
619000,1569000,-5.582221985
620000,1569000,-5.236190796
621000,1569000,-4.423690796
622000,1569000,-3.347839355
623000,1569000,-0.399391174
624000,1569000,2.265724182
625000,1569000,-0.30973053
626000,1569000,1.132888794
627000,1569000,2.629043579
628000,1569000,3.173660278
629000,1569000,4.909133911
630000,1569000,8.478569031
631000,1569000,6.552200317
632000,1569000,6.342041016
633000,1569000,7.212379456
634000,1569000,7.280799866
635000,1569000,8.212242126
636000,1569000,7.756584167
637000,1569000,6.698791504
638000,1569000,4.730804443
639000,1569000,4.092765808
640000,1569000,2.023300171
641000,1569000,-3.936843872
642000,1569000,-7.794189453
643000,1569000,-7.474281311
644000,1569000,-8.323120117
645000,1569000,-8.912765503
646000,1569000,-8.331802368
647000,1569000,-6.535484314
648000,1569000,-5.824890137
649000,1569000,-5.658782959
650000,1569000,-6.30052948
651000,1569000,-4.497398376
652000,1569000,0.106422424
653000,1569000,5.045684814
654000,1569000,8.74131012
655000,1569000,9.729888916
656000,1569000,8.993743896
657000,1569000,7.234382629
658000,1569000,6.066009521
659000,1569000,5.765350342
660000,1569000,7.96031189
661000,1569000,9.627456665
608000,1570000,-10.50639343
609000,1570000,-10.18886566
610000,1570000,-9.431465149
611000,1570000,-9.428497314
612000,1570000,-9.469810486
613000,1570000,-9.819374084
614000,1570000,-9.737785339
615000,1570000,-9.311141968
616000,1570000,-9.505447388
617000,1570000,-8.527610779
618000,1570000,-6.3099823
619000,1570000,-5.259620667
620000,1570000,-5.411262512
621000,1570000,-4.217010498
622000,1570000,-2.138252258
623000,1570000,1.992103577
624000,1570000,4.67288208
625000,1570000,1.711471558
626000,1570000,1.941429138
627000,1570000,1.572120667
628000,1570000,2.027862549
629000,1570000,3.56816864
630000,1570000,4.827056885
631000,1570000,4.845031738
632000,1570000,5.564186096
633000,1570000,5.445838928
634000,1570000,10.33646393
635000,1570000,9.235809326
636000,1570000,6.454589844
637000,1570000,3.357284546
638000,1570000,-0.137191772
639000,1570000,-2.763938904
640000,1570000,-4.901786804
641000,1570000,-6.186729431
642000,1570000,-8.517562866
643000,1570000,-9.076049805
644000,1570000,-9.510467529
645000,1570000,-9.873931885
646000,1570000,-9.575576782
647000,1570000,-7.720207214
648000,1570000,-7.373298645
649000,1570000,-7.978279114
650000,1570000,-8.954833984
651000,1570000,-7.635070801
652000,1570000,-2.582969666
653000,1570000,4.012908936
654000,1570000,8.645606995
655000,1570000,8.889587402
656000,1570000,7.455734253
657000,1570000,5.371269226
658000,1570000,4.835998535
659000,1570000,6.037796021
660000,1570000,7.606956482
661000,1570000,9.554977417
608000,1571000,-9.973258972
609000,1571000,-10.24593353
610000,1571000,-9.989341736
611000,1571000,-9.160247803
612000,1571000,-9.010658264
613000,1571000,-9.431480408
614000,1571000,-9.311531067
615000,1571000,-9.13117218
616000,1571000,-8.989784241
617000,1571000,-8.205184937
618000,1571000,-6.574508667
619000,1571000,-5.603569031
620000,1571000,-5.209648132
621000,1571000,-3.891929626
622000,1571000,-2.077468872
623000,1571000,0.888755798
624000,1571000,2.571212769
625000,1571000,1.964317322
626000,1571000,1.579376221
627000,1571000,-0.338142395
628000,1571000,0.725921631
629000,1571000,2.371147156
630000,1571000,2.725967407
631000,1571000,2.60546875
632000,1571000,3.932701111
633000,1571000,4.110626221
634000,1571000,9.461074829
635000,1571000,7.895332336
636000,1571000,4.471672058
637000,1571000,0.567512512
638000,1571000,-3.640258789
639000,1571000,-6.356643677
640000,1571000,-7.939163208
641000,1571000,-7.932922363
642000,1571000,-9.788742065
643000,1571000,-10.52610779
644000,1571000,-11.31336975
645000,1571000,-11.25182343
646000,1571000,-10.95334625
647000,1571000,-9.403686523
648000,1571000,-8.244216919
649000,1571000,-8.925613403
650000,1571000,-9.731422424
651000,1571000,-8.083976746
652000,1571000,-3.382484436
653000,1571000,3.375198364
654000,1571000,7.062957764
655000,1571000,6.216133118
656000,1571000,5.319793701
657000,1571000,4.230232239
658000,1571000,4.618484497
659000,1571000,6.387580872
660000,1571000,10.2302475
661000,1571000,9.006881714
608000,1572000,-9.340995789
609000,1572000,-9.654136658
610000,1572000,-9.136932373
611000,1572000,-8.528884888
612000,1572000,-8.565345764
613000,1572000,-8.644439697
614000,1572000,-8.77040863
615000,1572000,-8.724304199
616000,1572000,-7.986412048
617000,1572000,-7.252403259
618000,1572000,-6.158630371
619000,1572000,-5.357063293
620000,1572000,-4.508407593
621000,1572000,-3.718589783
622000,1572000,-2.409378052
623000,1572000,-0.431343079
624000,1572000,0.082107544
625000,1572000,-0.826210022
626000,1572000,-2.07661438
627000,1572000,-2.353355408
628000,1572000,-0.102745056
629000,1572000,2.211128235
630000,1572000,2.334358215
631000,1572000,1.502296448
632000,1572000,2.50881958
633000,1572000,3.691635132
634000,1572000,5.496490479
635000,1572000,4.280921936
636000,1572000,2.085731506
637000,1572000,-1.223510742
638000,1572000,-4.956169128
639000,1572000,-6.529129028
640000,1572000,-8.220451355
641000,1572000,-9.711395264
642000,1572000,-11.13149261
643000,1572000,-11.96744537
644000,1572000,-12.64156342
645000,1572000,-11.77765656
646000,1572000,-11.65063477
647000,1572000,-10.6384201
648000,1572000,-9.038597107
649000,1572000,-8.967323303
650000,1572000,-9.39906311
651000,1572000,-8.652061462
652000,1572000,-4.705238342
653000,1572000,0.259063721
654000,1572000,1.934623718
655000,1572000,2.170005798
656000,1572000,3.100898743
657000,1572000,3.660713196
658000,1572000,4.659156799
659000,1572000,6.559616089
660000,1572000,8.864624023
661000,1572000,8.397537231
608000,1573000,-8.888023376
609000,1573000,-8.928703308
610000,1573000,-8.584739685
611000,1573000,-8.634284973
612000,1573000,-8.52898407
613000,1573000,-8.214752197
614000,1573000,-8.58102417
615000,1573000,-8.594047546
616000,1573000,-7.654335022
617000,1573000,-6.366546631
618000,1573000,-5.26750946
619000,1573000,-4.280258179
620000,1573000,-3.867500305
621000,1573000,-3.479743958
622000,1573000,-2.224761963
623000,1573000,-0.357040405
624000,1573000,-1.659820557
625000,1573000,-3.656486511
626000,1573000,-4.527679443
627000,1573000,-2.90953064
628000,1573000,0.089492798
629000,1573000,2.372810364
630000,1573000,2.315322876
631000,1573000,2.014656067
632000,1573000,2.538230896
633000,1573000,3.093841553
634000,1573000,3.043067932
635000,1573000,1.252059937
636000,1573000,-1.158233643
637000,1573000,-2.393135071
638000,1573000,-4.75340271
639000,1573000,-6.744163513
640000,1573000,-9.264076233
641000,1573000,-8.36428833
642000,1573000,-9.969390869
643000,1573000,-13.08592987
644000,1573000,-13.30347443
645000,1573000,-13.10302734
646000,1573000,-12.50714111
647000,1573000,-10.14056396
648000,1573000,-9.247108459
649000,1573000,-8.90788269
650000,1573000,-8.871452332
651000,1573000,-8.201194763
652000,1573000,-5.171127319
653000,1573000,-2.440170288
654000,1573000,-1.714309692
655000,1573000,-0.770240784
656000,1573000,1.48008728
657000,1573000,3.514167786
658000,1573000,5.013221741
659000,1573000,6.567489624
660000,1573000,8.029174805
661000,1573000,8.506484985
608000,1574000,-8.157852173
609000,1574000,-8.088874817
610000,1574000,-7.942024231
611000,1574000,-8.377830505
612000,1574000,-8.326911926
613000,1574000,-7.889144897
614000,1574000,-8.495018005
615000,1574000,-8.636688232
616000,1574000,-7.662307739
617000,1574000,-5.914390564
618000,1574000,-4.278327942
619000,1574000,-3.561897278
620000,1574000,-3.058792114
621000,1574000,-2.648460388
622000,1574000,-2.080581665
623000,1574000,-1.825668335
624000,1574000,-3.119483948
625000,1574000,-5.158554077
626000,1574000,-5.6848526
627000,1574000,-1.853874207
628000,1574000,2.43598938
629000,1574000,3.318481445
630000,1574000,2.856018066
631000,1574000,2.558319092
632000,1574000,2.948448181
633000,1574000,3.021705627
634000,1574000,1.989768982
635000,1574000,0.180244446
636000,1574000,-1.377975464
637000,1574000,-2.780776978
638000,1574000,-5.270133972
639000,1574000,-6.904022217
640000,1574000,-8.84211731
641000,1574000,-8.311904907
642000,1574000,-10.16275024
643000,1574000,-13.29658508
644000,1574000,-13.2693634
645000,1574000,-13.10710907
646000,1574000,-12.51148987
647000,1574000,-10.18021393
648000,1574000,-9.575553894
649000,1574000,-8.135887146
650000,1574000,-7.301177979
651000,1574000,-6.556587219
652000,1574000,-4.459396362
653000,1574000,-2.484329224
654000,1574000,-1.086029053
655000,1574000,0.4061203
656000,1574000,2.760108948
657000,1574000,4.884536743
658000,1574000,6.467330933
659000,1574000,8.632072449
660000,1574000,8.785560608
661000,1574000,9.892967224
608000,1575000,-7.348251343
609000,1575000,-7.379806519
610000,1575000,-7.424118042
611000,1575000,-7.856918335
612000,1575000,-8.195327759
613000,1575000,-8.485076904
614000,1575000,-8.715438843
615000,1575000,-8.434646606
616000,1575000,-7.133628845
617000,1575000,-5.265960693
618000,1575000,-3.948371887
619000,1575000,-3.075805664
620000,1575000,-2.40296936
621000,1575000,-2.170219421
622000,1575000,-2.306335449
623000,1575000,-2.861694336
624000,1575000,-3.952804565
625000,1575000,-5.026306152
626000,1575000,-5.04624176
627000,1575000,-1.953201294
628000,1575000,3.354942322
629000,1575000,4.1042099
630000,1575000,3.07635498
631000,1575000,2.57824707
632000,1575000,3.097648621
633000,1575000,2.966346741
634000,1575000,1.331748962
635000,1575000,-0.472648621
636000,1575000,-2.058258057
637000,1575000,-3.4635849
638000,1575000,-5.492034912
639000,1575000,-6.615631104
640000,1575000,-8.587677002
641000,1575000,-11.12413788
642000,1575000,-12.38644409
643000,1575000,-12.99423218
644000,1575000,-12.70133209
645000,1575000,-12.35887909
646000,1575000,-11.60211945
647000,1575000,-10.26028442
648000,1575000,-9.342575073
649000,1575000,-6.761276245
650000,1575000,-5.362121582
651000,1575000,-3.7423172
652000,1575000,-2.314781189
653000,1575000,-1.057167053
654000,1575000,1.080673218
655000,1575000,3.574409485
656000,1575000,6.35899353
657000,1575000,7.808959961
658000,1575000,7.977554321
659000,1575000,8.692695618
660000,1575000,9.262153625
661000,1575000,10.87070465
608000,1576000,-6.727676392
609000,1576000,-6.891952515
610000,1576000,-7.331062317
611000,1576000,-7.73084259
612000,1576000,-8.044952393
613000,1576000,-8.192947388
614000,1576000,-8.274803162
615000,1576000,-7.813896179
616000,1576000,-6.958358765
617000,1576000,-5.492279053
618000,1576000,-4.22530365
619000,1576000,-3.231826782
620000,1576000,-2.133651733
621000,1576000,-2.069015503
622000,1576000,-2.798439026
623000,1576000,-3.686584473
624000,1576000,-4.43346405
625000,1576000,-4.50202179
626000,1576000,-3.188262939
627000,1576000,0.648635864
628000,1576000,4.382423401
629000,1576000,4.298118591
630000,1576000,2.52935791
631000,1576000,1.612823486
632000,1576000,2.881225586
633000,1576000,2.022499084
634000,1576000,0.318466187
635000,1576000,-1.348213196
636000,1576000,-2.970840454
637000,1576000,-4.09009552
638000,1576000,-5.322715759
639000,1576000,-6.832794189
640000,1576000,-9.034423828
641000,1576000,-11.71640778
642000,1576000,-12.71924591
643000,1576000,-12.775383
644000,1576000,-12.06896973
645000,1576000,-11.71817017
646000,1576000,-10.50960541
647000,1576000,-8.831764221
648000,1576000,-7.253898621
649000,1576000,-4.682701111
650000,1576000,-2.666976929
651000,1576000,-0.888763428
652000,1576000,0.263145447
653000,1576000,1.529212952
654000,1576000,4.085243225
655000,1576000,7.364730835
656000,1576000,10.0620575
657000,1576000,10.28408813
658000,1576000,9.271263123
659000,1576000,8.884544373
660000,1576000,9.529724121
661000,1576000,10.76368713
608000,1577000,-6.815132141
609000,1577000,-6.6980896
610000,1577000,-6.870819092
611000,1577000,-7.294929504
612000,1577000,-7.82535553
613000,1577000,-7.905578613
614000,1577000,-7.676269531
615000,1577000,-7.234542847
616000,1577000,-7.223556519
617000,1577000,-6.740058899
618000,1577000,-4.578712463
619000,1577000,-2.946907043
620000,1577000,-2.079208374
621000,1577000,-1.988166809
622000,1577000,-3.438774109
623000,1577000,-4.611450195
624000,1577000,-4.998710632
625000,1577000,-4.256980896
626000,1577000,-1.968383789
627000,1577000,1.608055115
628000,1577000,4.206283569
629000,1577000,4.02015686
630000,1577000,1.567428589
631000,1577000,0.626899719
632000,1577000,1.981399536
633000,1577000,0.823905945
634000,1577000,-0.867149353
635000,1577000,-2.43573761
636000,1577000,-3.5675354
637000,1577000,-4.246276855
638000,1577000,-6.284538269
639000,1577000,-7.587097168
640000,1577000,-9.386375427
641000,1577000,-11.6969223
642000,1577000,-12.20658112
643000,1577000,-11.90850067
644000,1577000,-11.39776611
645000,1577000,-10.76633453
646000,1577000,-9.666511536
647000,1577000,-7.446960449
648000,1577000,-4.563171387
649000,1577000,-0.857948303
650000,1577000,1.82686615
651000,1577000,3.473297119
652000,1577000,4.011405945
653000,1577000,5.694862366
654000,1577000,7.704177856
655000,1577000,10.49993896
656000,1577000,12.91631317
657000,1577000,11.73240662
658000,1577000,10.17609406
659000,1577000,9.329872131
660000,1577000,9.88394928
661000,1577000,11.06585693
608000,1578000,-6.107002258
609000,1578000,-5.828567505
610000,1578000,-6.303466797
611000,1578000,-6.914871216
612000,1578000,-7.554847717
613000,1578000,-7.818016052
614000,1578000,-7.529724121
615000,1578000,-7.198989868
616000,1578000,-7.161186218
617000,1578000,-5.749794006
618000,1578000,-4.038253784
619000,1578000,-3.118278503
620000,1578000,-1.914245605
621000,1578000,-1.465934753
622000,1578000,-3.889305115
623000,1578000,-5.316642761
624000,1578000,-5.53742981
625000,1578000,-4.107963562
626000,1578000,-1.00177002
627000,1578000,2.377624512
628000,1578000,4.544586182
629000,1578000,4.186950684
630000,1578000,0.397834778
631000,1578000,0.021697998
632000,1578000,0.605628967
633000,1578000,-0.415756226
634000,1578000,-1.869270325
635000,1578000,-3.679786682
636000,1578000,-4.882911682
637000,1578000,-5.070205688
638000,1578000,-6.639823914
639000,1578000,-7.69934845
640000,1578000,-9.07888031
641000,1578000,-11.71814728
642000,1578000,-12.19722748
643000,1578000,-11.77503204
644000,1578000,-10.87913513
645000,1578000,-9.601043701
646000,1578000,-8.238990784
647000,1578000,-5.672714233
648000,1578000,-0.255081177
649000,1578000,5.497177124
650000,1578000,8.699737549
651000,1578000,9.177192688
652000,1578000,9.737312317
653000,1578000,10.31969452
654000,1578000,11.09637451
655000,1578000,13.77168274
656000,1578000,15.38862991
657000,1578000,13.31762695
658000,1578000,11.33176422
659000,1578000,10.70934296
660000,1578000,10.87007904
661000,1578000,11.02738953
608000,1579000,-4.906982422
609000,1579000,-5.47984314
610000,1579000,-6.225311279
611000,1579000,-6.807029724
612000,1579000,-7.059669495
613000,1579000,-7.227287292
614000,1579000,-7.178817749
615000,1579000,-7.149543762
616000,1579000,-6.901069641
617000,1579000,-5.100448608
618000,1579000,-3.661277771
619000,1579000,-3.135658264
620000,1579000,-2.095657349
621000,1579000,-1.606651306
622000,1579000,-3.342224121
623000,1579000,-4.985351563
624000,1579000,-5.37676239
625000,1579000,-3.41330719
626000,1579000,0.534286499
627000,1579000,3.494056702
628000,1579000,4.695663452
629000,1579000,2.989143372
630000,1579000,-0.528823853
631000,1579000,-0.314407349
632000,1579000,-0.017906189
633000,1579000,-1.35849762
634000,1579000,-2.346374512
635000,1579000,-4.302879333
636000,1579000,-5.587982178
637000,1579000,-5.946685791
638000,1579000,-7.054618835
639000,1579000,-7.587272644
640000,1579000,-9.733314514
641000,1579000,-11.89766693
642000,1579000,-12.3713913
643000,1579000,-11.65131378
644000,1579000,-10.30470276
645000,1579000,-7.601356506
646000,1579000,-5.45488739
647000,1579000,-0.073417664
648000,1579000,7.743125916
649000,1579000,13.47257996
650000,1579000,15.11222839
651000,1579000,13.57899475
652000,1579000,13.3475647
653000,1579000,13.52951813
654000,1579000,14.6401062
655000,1579000,16.54019928
656000,1579000,18.36590958
657000,1579000,15.44134521
658000,1579000,12.21614075
659000,1579000,11.66452026
660000,1579000,11.54439545
661000,1579000,11.26563263
608000,1580000,-4.762702942
609000,1580000,-5.606590271
610000,1580000,-6.274528503
611000,1580000,-6.760673523
612000,1580000,-6.801086426
613000,1580000,-6.847869873
614000,1580000,-6.874458313
615000,1580000,-7.088401794
616000,1580000,-6.491600037
617000,1580000,-4.176063538
618000,1580000,-3.272453308
619000,1580000,-3.099967957
620000,1580000,-2.768127441
621000,1580000,-2.683692932
622000,1580000,-3.587799072
623000,1580000,-4.178474426
624000,1580000,-3.267608643
625000,1580000,-0.63483429
626000,1580000,2.574157715
627000,1580000,3.762481689
628000,1580000,3.998802185
629000,1580000,1.733428955
630000,1580000,-1.264083862
631000,1580000,-1.352745056
632000,1580000,-1.841995239
633000,1580000,-3.217170715
634000,1580000,-2.43119812
635000,1580000,-4.150688171
636000,1580000,-5.498680115
637000,1580000,-6.203392029
638000,1580000,-6.933486938
639000,1580000,-8.553733826
640000,1580000,-10.91659546
641000,1580000,-12.34425354
642000,1580000,-12.55264282
643000,1580000,-10.81109619
644000,1580000,-8.599517822
645000,1580000,-5.20135498
646000,1580000,-0.613288879
647000,1580000,9.192344666
648000,1580000,16.27285767
649000,1580000,17.80454636
650000,1580000,17.97735977
651000,1580000,15.47200012
652000,1580000,16.30126953
653000,1580000,16.81790161
654000,1580000,18.73500824
655000,1580000,16.10175705
656000,1580000,19.0259552
657000,1580000,16.37234879
658000,1580000,13.4571228
659000,1580000,12.23605347
660000,1580000,11.81996155
661000,1580000,11.72651672
608000,1581000,-5.070877075
609000,1581000,-5.644981384
610000,1581000,-6.226325989
611000,1581000,-6.866287231
612000,1581000,-6.85231781
613000,1581000,-6.922698975
614000,1581000,-6.880691528
615000,1581000,-6.672401428
616000,1581000,-5.15827179
617000,1581000,-2.043388367
618000,1581000,-2.718833923
619000,1581000,-3.505073547
620000,1581000,-3.776397705
621000,1581000,-3.965438843
622000,1581000,-4.826332092
623000,1581000,-4.422805786
624000,1581000,-2.52507782
625000,1581000,-1.258125305
626000,1581000,-0.231704712
627000,1581000,1.562850952
628000,1581000,2.183029175
629000,1581000,-0.277381897
630000,1581000,-2.066383362
631000,1581000,-2.883354187
632000,1581000,-4.284912109
633000,1581000,-4.164993286
634000,1581000,-3.96686554
635000,1581000,-4.997901917
636000,1581000,-6.007263184
637000,1581000,-6.661132813
638000,1581000,-7.299179077
639000,1581000,-9.228546143
640000,1581000,-11.11740875
641000,1581000,-12.32121277
642000,1581000,-12.10344696
643000,1581000,-9.476623535
644000,1581000,-6.211654663
645000,1581000,-2.526863098
646000,1581000,4.55267334
647000,1581000,13.10798645
648000,1581000,19.30057526
649000,1581000,20.55539703
650000,1581000,20.4353714
651000,1581000,19.28544998
652000,1581000,16.7553215
653000,1581000,15.90676117
654000,1581000,17.12200165
655000,1581000,17.2987175
656000,1581000,18.41466522
657000,1581000,16.04250336
658000,1581000,14.10574341
659000,1581000,13.07017517
660000,1581000,12.33637238
661000,1581000,11.99234772
608000,1582000,-5.726325989
609000,1582000,-5.719413757
610000,1582000,-6.138137817
611000,1582000,-7.349075317
612000,1582000,-7.084281921
613000,1582000,-7.051269531
614000,1582000,-6.963806152
615000,1582000,-6.146537781
616000,1582000,-4.765991211
617000,1582000,-3.015075684
618000,1582000,-3.67565918
619000,1582000,-4.931816101
620000,1582000,-5.335319519
621000,1582000,-5.433303833
622000,1582000,-6.831634521
623000,1582000,-6.046707153
624000,1582000,-3.354293823
625000,1582000,-2.689002991
626000,1582000,-2.261253357
627000,1582000,-0.619567871
628000,1582000,1.830070496
629000,1582000,-0.402809143
630000,1582000,-1.409294128
631000,1582000,-3.687866211
632000,1582000,-6.501602173
633000,1582000,-6.111991882
634000,1582000,-5.944267273
635000,1582000,-6.044303894
636000,1582000,-6.420959473
637000,1582000,-6.761283875
638000,1582000,-7.637954712
639000,1582000,-9.380516052
640000,1582000,-11.37210083
641000,1582000,-11.96057129
642000,1582000,-11.09205627
643000,1582000,-8.737564087
644000,1582000,-4.987297058
645000,1582000,0.946182251
646000,1582000,8.797164917
647000,1582000,16.59128571
648000,1582000,21.36046219
649000,1582000,22.66837311
650000,1582000,21.90727234
651000,1582000,20.38256454
652000,1582000,16.79728317
653000,1582000,17.33871841
654000,1582000,19.86841583
655000,1582000,20.32821274
656000,1582000,18.77238846
657000,1582000,15.25044632
658000,1582000,13.88312531
659000,1582000,13.33218384
660000,1582000,12.36772919
661000,1582000,12.67359924
608000,1583000,-5.763374329
609000,1583000,-5.767608643
610000,1583000,-6.302101135
611000,1583000,-7.628997803
612000,1583000,-7.548538208
613000,1583000,-7.348022461
614000,1583000,-6.668609619
615000,1583000,-5.261436462
616000,1583000,-4.215766907
617000,1583000,-3.442741394
618000,1583000,-5.12361145
619000,1583000,-6.887130737
620000,1583000,-7.05418396
621000,1583000,-6.600593567
622000,1583000,-7.175384521
623000,1583000,-6.390617371
624000,1583000,-4.775947571
625000,1583000,-3.851882935
626000,1583000,-3.543769836
627000,1583000,-2.468048096
628000,1583000,-0.793731689
629000,1583000,-1.896903992
630000,1583000,-3.56452179
631000,1583000,-5.659873962
632000,1583000,-7.227508545
633000,1583000,-6.582366943
634000,1583000,-5.995323181
635000,1583000,-5.966171265
636000,1583000,-6.312011719
637000,1583000,-6.988372803
638000,1583000,-8.174980164
639000,1583000,-11.33587646
640000,1583000,-12.2328186
641000,1583000,-11.60241699
642000,1583000,-10.01191711
643000,1583000,-7.97441864
644000,1583000,-3.95602417
645000,1583000,3.780296326
646000,1583000,11.68678284
647000,1583000,18.51853943
648000,1583000,22.53085709
649000,1583000,22.97971344
650000,1583000,21.64110947
651000,1583000,19.50998306
652000,1583000,17.22888947
653000,1583000,18.18323517
654000,1583000,19.66513824
655000,1583000,19.62296677
656000,1583000,17.77241898
657000,1583000,14.9102478
658000,1583000,13.97912598
659000,1583000,13.56266022
660000,1583000,13.39658356
661000,1583000,13.7274704
608000,1584000,-5.817611694
609000,1584000,-5.943099976
610000,1584000,-6.793128967
611000,1584000,-7.716926575
612000,1584000,-7.888023376
613000,1584000,-7.530990601
614000,1584000,-6.571762085
615000,1584000,-4.869987488
616000,1584000,-4.329940796
617000,1584000,-4.944046021
618000,1584000,-6.561912537
619000,1584000,-7.674484253
620000,1584000,-7.712623596
621000,1584000,-7.472961426
622000,1584000,-7.355018616
623000,1584000,-6.575340271
624000,1584000,-5.481567383
625000,1584000,-4.326095581
626000,1584000,-4.019538879
627000,1584000,-3.624862671
628000,1584000,-3.083618164
629000,1584000,-3.934783936
630000,1584000,-5.368751526
631000,1584000,-6.710472107
632000,1584000,-6.773017883
633000,1584000,-6.626853943
634000,1584000,-6.61378479
635000,1584000,-6.378814697
636000,1584000,-6.290138245
637000,1584000,-7.366363525
638000,1584000,-8.340843201
639000,1584000,-11.17920685
640000,1584000,-11.8188324
641000,1584000,-10.53601837
642000,1584000,-8.679679871
643000,1584000,-6.060745239
644000,1584000,-3.525291443
645000,1584000,7.340988159
646000,1584000,15.55783081
647000,1584000,20.04825211
648000,1584000,22.03646469
649000,1584000,21.58974457
650000,1584000,20.52936935
651000,1584000,19.17247391
652000,1584000,18.38460922
653000,1584000,18.69721603
654000,1584000,18.53937149
655000,1584000,18.15399933
656000,1584000,16.39717484
657000,1584000,14.24133301
658000,1584000,14.0210495
659000,1584000,13.67249298
660000,1584000,13.48021698
661000,1584000,12.87332153
608000,1585000,-6.142036438
609000,1585000,-6.200027466
610000,1585000,-7.101646423
611000,1585000,-7.810783386
612000,1585000,-7.881752014
613000,1585000,-7.36114502
614000,1585000,-6.813720703
615000,1585000,-6.231956482
616000,1585000,-6.486282349
617000,1585000,-6.993682861
618000,1585000,-7.534957886
619000,1585000,-8.013168335
620000,1585000,-8.04712677
621000,1585000,-7.956665039
622000,1585000,-7.588897705
623000,1585000,-6.645454407
624000,1585000,-5.786888123
625000,1585000,-5.05368042
626000,1585000,-4.559059143
627000,1585000,-4.315948486
628000,1585000,-4.48550415
629000,1585000,-5.457183838
630000,1585000,-6.710472107
631000,1585000,-7.772117615
632000,1585000,-7.473564148
633000,1585000,-7.382545471
634000,1585000,-7.093360901
635000,1585000,-7.031166077
636000,1585000,-7.071540833
637000,1585000,-7.969810486
638000,1585000,-8.85887146
639000,1585000,-9.716270447
640000,1585000,-9.888687134
641000,1585000,-9.542884827
642000,1585000,-7.378623962
643000,1585000,-2.711914063
644000,1585000,2.868835449
645000,1585000,9.815940857
646000,1585000,17.21594238
647000,1585000,19.73588562
648000,1585000,20.55086517
649000,1585000,19.16475296
650000,1585000,18.49569321
651000,1585000,18.36487961
652000,1585000,18.5005455
653000,1585000,19.32598877
654000,1585000,17.76313019
655000,1585000,17.46390152
656000,1585000,16.13313675
657000,1585000,14.26803589
658000,1585000,14.15901184
659000,1585000,14.57925415
660000,1585000,14.15245819
661000,1585000,11.88930511
608000,1586000,-6.81022644
609000,1586000,-6.78452301
610000,1586000,-7.271347046
611000,1586000,-7.676628113
612000,1586000,-7.270027161
613000,1586000,-6.937980652
614000,1586000,-6.960266113
615000,1586000,-7.271003723
616000,1586000,-7.612312317
617000,1586000,-7.961624146
618000,1586000,-8.278572083
619000,1586000,-8.360534668
620000,1586000,-8.394355774
621000,1586000,-8.331512451
622000,1586000,-8.062019348
623000,1586000,-6.712516785
624000,1586000,-5.790046692
625000,1586000,-5.595115662
626000,1586000,-4.889755249
627000,1586000,-4.431800842
628000,1586000,-5.009719849
629000,1586000,-6.266563416
630000,1586000,-7.409492493
631000,1586000,-8.019287109
632000,1586000,-7.768882751
633000,1586000,-7.323738098
634000,1586000,-7.410491943
635000,1586000,-7.675178528
636000,1586000,-7.820747375
637000,1586000,-8.51524353
638000,1586000,-9.920043945
639000,1586000,-10.18024445
640000,1586000,-9.998291016
641000,1586000,-8.398582458
642000,1586000,-6.051582336
643000,1586000,-0.098419189
644000,1586000,8.885955811
645000,1586000,17.10838318
646000,1586000,18.42544174
647000,1586000,18.07596588
648000,1586000,17.87020111
649000,1586000,16.9022522
650000,1586000,16.59253693
651000,1586000,15.79566956
652000,1586000,16.86188889
653000,1586000,17.76863098
654000,1586000,15.77516174
655000,1586000,15.83706284
656000,1586000,15.28326416
657000,1586000,14.51023865
658000,1586000,14.58288574
659000,1586000,14.96820068
660000,1586000,13.90541077
661000,1586000,9.912017822
608000,1587000,-6.828224182
609000,1587000,-6.828575134
610000,1587000,-6.982666016
611000,1587000,-6.752929688
612000,1587000,-5.867469788
613000,1587000,-4.934036255
614000,1587000,-6.935066223
615000,1587000,-8.245758057
616000,1587000,-8.3045578
617000,1587000,-8.166923523
618000,1587000,-8.482131958
619000,1587000,-8.647575378
620000,1587000,-8.709823608
621000,1587000,-8.533042908
622000,1587000,-7.812553406
623000,1587000,-6.089241028
624000,1587000,-5.353988647
625000,1587000,-5.266609192
626000,1587000,-4.342529297
627000,1587000,-3.881256104
628000,1587000,-4.921440125
629000,1587000,-6.594749451
630000,1587000,-7.68787384
631000,1587000,-7.92212677
632000,1587000,-7.597450256
633000,1587000,-7.295631409
634000,1587000,-7.601593018
635000,1587000,-8.258056641
636000,1587000,-8.786872864
637000,1587000,-9.092468262
638000,1587000,-9.811553955
639000,1587000,-10.36730957
640000,1587000,-10.47619629
641000,1587000,-9.368980408
642000,1587000,-5.258392334
643000,1587000,1.398223877
644000,1587000,11.07588959
645000,1587000,16.58188629
646000,1587000,17.59369659
647000,1587000,15.85140991
648000,1587000,14.00572968
649000,1587000,13.99843597
650000,1587000,13.59210968
651000,1587000,13.25667572
652000,1587000,16.43229294
653000,1587000,16.87219238
654000,1587000,15.35035706
655000,1587000,14.72042084
656000,1587000,15.10747528
657000,1587000,15.24465179
658000,1587000,15.21598816
659000,1587000,14.8901062
660000,1587000,12.8181839
661000,1587000,10.14261627
608000,1588000,-6.789108276
609000,1588000,-6.776252747
610000,1588000,-6.62562561
611000,1588000,-6.082397461
612000,1588000,-5.200721741
613000,1588000,-4.782913208
614000,1588000,-7.4009552
615000,1588000,-8.764015198
616000,1588000,-8.914749146
617000,1588000,-8.668647766
618000,1588000,-8.84412384
619000,1588000,-9.016517639
620000,1588000,-9.16758728
621000,1588000,-8.660270691
622000,1588000,-7.4923172
623000,1588000,-6.121421814
624000,1588000,-5.752052307
625000,1588000,-5.728752136
626000,1588000,-3.941612244
627000,1588000,-2.935157776
628000,1588000,-4.530601501
629000,1588000,-6.537185669
630000,1588000,-7.619361877
631000,1588000,-7.688957214
632000,1588000,-7.255111694
633000,1588000,-7.179420471
634000,1588000,-7.769683838
635000,1588000,-8.785179138
636000,1588000,-9.733451843
637000,1588000,-9.359474182
638000,1588000,-9.325675964
639000,1588000,-10.00484467
640000,1588000,-8.375465393
641000,1588000,-6.699829102
642000,1588000,-2.008041382
643000,1588000,5.928352356
644000,1588000,13.81137848
645000,1588000,16.49568939
646000,1588000,15.64125061
647000,1588000,12.62276459
648000,1588000,10.89640045
649000,1588000,10.90940094
650000,1588000,10.19498444
651000,1588000,12.35439301
652000,1588000,15.53978729
653000,1588000,15.49520874
654000,1588000,14.74796295
655000,1588000,14.84355927
656000,1588000,15.39912415
657000,1588000,15.5330658
658000,1588000,15.8266983
659000,1588000,14.71933746
660000,1588000,10.96205902
661000,1588000,7.79095459
608000,1589000,-6.845245361
609000,1589000,-6.787864685
610000,1589000,-6.272880554
611000,1589000,-5.730026245
612000,1589000,-5.641342163
613000,1589000,-6.848724365
614000,1589000,-8.719673157
615000,1589000,-9.459663391
616000,1589000,-9.619491577
617000,1589000,-9.105537415
618000,1589000,-9.122779846
619000,1589000,-9.341644287
620000,1589000,-9.486282349
621000,1589000,-8.844718933
622000,1589000,-7.309585571
623000,1589000,-6.208457947
624000,1589000,-6.018486023
625000,1589000,-5.655799866
626000,1589000,-3.456169128
627000,1589000,-1.976242065
628000,1589000,-4.601577759
629000,1589000,-6.815917969
630000,1589000,-7.668182373
631000,1589000,-7.572753906
632000,1589000,-7.060417175
633000,1589000,-7.273735046
634000,1589000,-7.901672363
635000,1589000,-8.82849884
636000,1589000,-9.67855835
637000,1589000,-9.604827881
638000,1589000,-9.958900452
639000,1589000,-10.13677979
640000,1589000,-7.95249939
641000,1589000,-4.910003662
642000,1589000,0.896133423
643000,1589000,7.575813293
644000,1589000,14.24499512
645000,1589000,15.73641968
646000,1589000,13.46959686
647000,1589000,9.141166687
648000,1589000,8.102920532
649000,1589000,6.993881226
650000,1589000,7.031913757
651000,1589000,11.23562622
652000,1589000,14.02593994
653000,1589000,14.23403931
654000,1589000,13.70204926
655000,1589000,14.09134674
656000,1589000,15.69924164
657000,1589000,15.9408989
658000,1589000,16.30371475
659000,1589000,14.42922974
660000,1589000,9.091140747
661000,1589000,6.01675415
608000,1590000,-6.424079895
609000,1590000,-6.578063965
610000,1590000,-5.780853271
611000,1590000,-5.655853271
612000,1590000,-6.332839966
613000,1590000,-8.011489868
614000,1590000,-9.291557312
615000,1590000,-10.13505554
616000,1590000,-10.48410034
617000,1590000,-9.552841187
618000,1590000,-9.15586853
619000,1590000,-9.254951477
620000,1590000,-8.907730103
621000,1590000,-7.85735321
622000,1590000,-6.812942505
623000,1590000,-6.046302795
624000,1590000,-5.371009827
625000,1590000,-4.353263855
626000,1590000,-2.712638855
627000,1590000,-2.875648499
628000,1590000,-5.495101929
629000,1590000,-7.340438843
630000,1590000,-7.902580261
631000,1590000,-7.981903076
632000,1590000,-7.845954895
633000,1590000,-7.844299316
634000,1590000,-8.14440918
635000,1590000,-8.629730225
636000,1590000,-9.072021484
637000,1590000,-9.693275452
638000,1590000,-10.68766022
639000,1590000,-10.32804108
640000,1590000,-7.800483704
641000,1590000,-4.476722717
642000,1590000,1.852767944
643000,1590000,8.17805481
644000,1590000,14.53385162
645000,1590000,14.70397949
646000,1590000,11.10439301
647000,1590000,5.779098511
648000,1590000,3.857131958
649000,1590000,4.029663086
650000,1590000,5.958007813
651000,1590000,10.36286163
652000,1590000,12.94670868
653000,1590000,13.22745514
654000,1590000,13.08167267
655000,1590000,14.05319977
656000,1590000,15.5055542
657000,1590000,16.0479126
658000,1590000,15.58985519
659000,1590000,11.33554077
660000,1590000,6.843994141
661000,1590000,5.152053833
608000,1591000,-5.308654785
609000,1591000,-5.488746643
610000,1591000,-4.992370605
611000,1591000,-5.766021729
612000,1591000,-7.196075439
613000,1591000,-8.275970459
614000,1591000,-9.169143677
615000,1591000,-10.11715698
616000,1591000,-10.92312622
617000,1591000,-10.05151367
618000,1591000,-9.327026367
619000,1591000,-8.821578979
620000,1591000,-8.042961121
621000,1591000,-6.865432739
622000,1591000,-6.245925903
623000,1591000,-5.84236145
624000,1591000,-5.009254456
625000,1591000,-4.108001709
626000,1591000,-2.773414612
627000,1591000,-3.250793457
628000,1591000,-4.879096985
629000,1591000,-6.666641235
630000,1591000,-7.548080444
631000,1591000,-8.610305786
632000,1591000,-8.614738464
633000,1591000,-8.566368103
634000,1591000,-8.544029236
635000,1591000,-8.761665344
636000,1591000,-9.079429626
637000,1591000,-9.452987671
638000,1591000,-9.860290527
639000,1591000,-9.426689148
640000,1591000,-6.955924988
641000,1591000,-3.421531677
642000,1591000,1.899223328
643000,1591000,8.243118286
644000,1591000,13.56185913
645000,1591000,13.33597565
646000,1591000,8.672904968
647000,1591000,3.046615601
648000,1591000,0.657989502
649000,1591000,2.190193176
650000,1591000,4.788360596
651000,1591000,9.272346497
652000,1591000,11.97618866
653000,1591000,11.96833038
654000,1591000,12.45600128
655000,1591000,14.11229706
656000,1591000,15.21129608
657000,1591000,15.62664032
658000,1591000,14.78092194
659000,1591000,10.66107178
660000,1591000,6.841438293
661000,1591000,4.896987915
608000,1592000,-4.030174255
609000,1592000,-4.623664856
610000,1592000,-5.636528015
611000,1592000,-7.038345337
612000,1592000,-7.988723755
613000,1592000,-8.661514282
614000,1592000,-9.377075195
615000,1592000,-10.28399658
616000,1592000,-10.83331299
617000,1592000,-9.605178833
618000,1592000,-8.591720581
619000,1592000,-8.07673645
620000,1592000,-7.603469849
621000,1592000,-6.756614685
622000,1592000,-6.059913635
623000,1592000,-5.532165527
624000,1592000,-5.019935608
625000,1592000,-4.338600159
626000,1592000,-3.626274109
627000,1592000,-4.311653137
628000,1592000,-5.857086182
629000,1592000,-7.013755798
630000,1592000,-8.001724243
631000,1592000,-8.83757782
632000,1592000,-9.069831848
633000,1592000,-9.307754517
634000,1592000,-9.494018555
635000,1592000,-9.59488678
636000,1592000,-9.553909302
637000,1592000,-9.607505798
638000,1592000,-9.543792725
639000,1592000,-8.820129395
640000,1592000,-6.387123108
641000,1592000,-3.326049805
642000,1592000,1.420257568
643000,1592000,6.662689209
644000,1592000,10.29670715
645000,1592000,10.04919434
646000,1592000,5.204032898
647000,1592000,0.59563446
648000,1592000,-0.182060242
649000,1592000,1.10483551
650000,1592000,3.534057617
651000,1592000,7.91217041
652000,1592000,11.23283386
653000,1592000,11.39073181
654000,1592000,12.13285065
655000,1592000,14.55939484
656000,1592000,14.99289703
657000,1592000,14.24932098
658000,1592000,11.93733978
659000,1592000,8.297302246
660000,1592000,5.553367615
661000,1592000,3.926704407
608000,1593000,-3.87625885
609000,1593000,-4.639930725
610000,1593000,-5.998428345
611000,1593000,-7.605064392
612000,1593000,-8.422698975
613000,1593000,-9.071762085
614000,1593000,-9.644203186
615000,1593000,-10.46537018
616000,1593000,-10.88518524
617000,1593000,-9.483001709
618000,1593000,-8.150047302
619000,1593000,-7.695747375
620000,1593000,-7.478851318
621000,1593000,-7.002365112
622000,1593000,-6.129882813
623000,1593000,-5.460166931
624000,1593000,-5.139427185
625000,1593000,-4.108963013
626000,1593000,-3.776794434
627000,1593000,-5.176811218
628000,1593000,-6.594490051
629000,1593000,-7.629211426
630000,1593000,-8.622833252
631000,1593000,-9.521217346
632000,1593000,-10.3812027
633000,1593000,-11.20148468
634000,1593000,-11.01576233
635000,1593000,-10.64846802
636000,1593000,-10.01641083
637000,1593000,-9.943344116
638000,1593000,-9.658729553
639000,1593000,-8.937965393
640000,1593000,-6.560493469
641000,1593000,-2.812149048
642000,1593000,1.134994507
643000,1593000,5.231269836
644000,1593000,7.450454712
645000,1593000,6.199882507
646000,1593000,1.999252319
647000,1593000,-1.03062439
648000,1593000,-1.648124695
649000,1593000,0.298439026
650000,1593000,2.9659729
651000,1593000,6.63785553
652000,1593000,9.825798035
653000,1593000,11.24395752
654000,1593000,12.62798309
655000,1593000,14.74922943
656000,1593000,14.32450867
657000,1593000,11.71724701
658000,1593000,8.690612793
659000,1593000,6.792182922
660000,1593000,4.665725708
661000,1593000,3.271148682
608000,1594000,-4.83065033
609000,1594000,-5.390853882
610000,1594000,-6.599334717
611000,1594000,-8.076293945
612000,1594000,-8.938171387
613000,1594000,-9.813018799
614000,1594000,-10.22567749
615000,1594000,-10.8431778
616000,1594000,-11.46237946
617000,1594000,-10.20145416
618000,1594000,-8.618980408
619000,1594000,-7.718276978
620000,1594000,-7.139228821
621000,1594000,-6.919570923
622000,1594000,-6.182029724
623000,1594000,-5.451828003
624000,1594000,-5.068778992
625000,1594000,-4.033050537
626000,1594000,-4.255104065
627000,1594000,-5.815292358
628000,1594000,-7.239860535
629000,1594000,-8.335197449
630000,1594000,-9.264762878
631000,1594000,-10.20503235
632000,1594000,-11.37810516
633000,1594000,-12.24460602
634000,1594000,-11.65390778
635000,1594000,-10.75910187
636000,1594000,-10.28525543
637000,1594000,-10.44166565
638000,1594000,-10.70832062
639000,1594000,-9.676933289
640000,1594000,-6.726585388
641000,1594000,-2.952156067
642000,1594000,1.209236145
643000,1594000,4.640617371
644000,1594000,5.885353088
645000,1594000,4.160591125
646000,1594000,0.798652649
647000,1594000,-1.778266907
648000,1594000,-1.971595764
649000,1594000,-0.168785095
650000,1594000,2.537193298
651000,1594000,6.197151184
652000,1594000,8.917984009
653000,1594000,10.80580902
654000,1594000,12.68323517
655000,1594000,13.99492645
656000,1594000,12.62191772
657000,1594000,9.771324158
658000,1594000,7.901573181
659000,1594000,7.101753235
660000,1594000,4.61341095
661000,1594000,3.182807922
608000,1595000,-5.530380249
609000,1595000,-6.386390686
610000,1595000,-7.523147583
611000,1595000,-8.333427429
612000,1595000,-9.24697876
613000,1595000,-10.53322601
614000,1595000,-10.76720428
615000,1595000,-11.11123657
616000,1595000,-11.46037292
617000,1595000,-10.4146347
618000,1595000,-8.468589783
619000,1595000,-7.061813354
620000,1595000,-6.637687683
621000,1595000,-7.1092453
622000,1595000,-6.592941284
623000,1595000,-5.673194885
624000,1595000,-5.131141663
625000,1595000,-4.813072205
626000,1595000,-5.60446167
627000,1595000,-7.020645142
628000,1595000,-8.301071167
629000,1595000,-9.284996033
630000,1595000,-9.990432739
631000,1595000,-10.49491119
632000,1595000,-11.59828186
633000,1595000,-12.00286102
634000,1595000,-11.49584961
635000,1595000,-10.85127258
636000,1595000,-10.782341
637000,1595000,-10.39878082
638000,1595000,-10.54682159
639000,1595000,-9.80872345
640000,1595000,-6.211860657
641000,1595000,-2.274230957
642000,1595000,2.052146912
643000,1595000,5.090507507
644000,1595000,5.515449524
645000,1595000,3.297821045
646000,1595000,-0.0990448
647000,1595000,-2.564826965
648000,1595000,-2.70816803
649000,1595000,-0.585983276
650000,1595000,2.792251587
651000,1595000,6.156082153
652000,1595000,7.786071777
653000,1595000,9.585990906
654000,1595000,11.66644287
655000,1595000,12.12844849
656000,1595000,10.7010498
657000,1595000,8.730957031
658000,1595000,7.3775177
659000,1595000,6.614959717
660000,1595000,4.679161072
661000,1595000,3.339431763
608000,1596000,-6.224563599
609000,1596000,-7.181259155
610000,1596000,-8.209037781
611000,1596000,-8.966789246
612000,1596000,-9.839477539
613000,1596000,-10.58847046
614000,1596000,-10.7522583
615000,1596000,-10.94677734
616000,1596000,-10.76564026
617000,1596000,-10.02371216
618000,1596000,-7.726470947
619000,1596000,-6.258804321
620000,1596000,-6.729194641
621000,1596000,-7.40473175
622000,1596000,-7.295433044
623000,1596000,-5.878410339
624000,1596000,-5.306724548
625000,1596000,-5.428527832
626000,1596000,-6.669898987
627000,1596000,-9.007278442
628000,1596000,-9.938743591
629000,1596000,-10.47370911
630000,1596000,-11.1068573
631000,1596000,-10.95629883
632000,1596000,-11.40332794
633000,1596000,-11.32470703
634000,1596000,-11.307724
635000,1596000,-11.166008
636000,1596000,-11.21788788
637000,1596000,-11.06326294
638000,1596000,-10.8760376
639000,1596000,-9.469017029
640000,1596000,-5.582244873
641000,1596000,-2.053939819
642000,1596000,3.566223145
643000,1596000,6.741081238
644000,1596000,5.950012207
645000,1596000,2.709884644
646000,1596000,-1.226043701
647000,1596000,-3.781494141
648000,1596000,-3.828422546
649000,1596000,-1.064353943
650000,1596000,3.171096802
651000,1596000,6.05594635
652000,1596000,7.422714233
653000,1596000,9.191513062
654000,1596000,11.13751221
655000,1596000,9.613143921
656000,1596000,8.040641785
657000,1596000,6.93031311
658000,1596000,6.063613892
659000,1596000,5.12322998
660000,1596000,3.785476685
661000,1596000,2.63419342
608000,1597000,-7.025016785
609000,1597000,-7.826309204
610000,1597000,-8.629997253
611000,1597000,-9.417991638
612000,1597000,-10.31697845
613000,1597000,-10.73200989
614000,1597000,-10.80477142
615000,1597000,-10.71785736
616000,1597000,-10.21356964
617000,1597000,-9.785018921
618000,1597000,-8.183685303
619000,1597000,-6.817337036
620000,1597000,-6.522865295
621000,1597000,-6.811088562
622000,1597000,-6.201293945
623000,1597000,-4.789176941
624000,1597000,-4.970115662
625000,1597000,-6.061058044
626000,1597000,-7.084899902
627000,1597000,-9.79410553
628000,1597000,-10.34591675
629000,1597000,-10.56724548
630000,1597000,-11.37168884
631000,1597000,-11.45665741
632000,1597000,-11.62123871
633000,1597000,-11.84338379
634000,1597000,-11.72490692
635000,1597000,-11.56845856
636000,1597000,-11.2596817
637000,1597000,-10.64253235
638000,1597000,-9.588760376
639000,1597000,-7.581192017
640000,1597000,-3.80280304
641000,1597000,0.334541321
642000,1597000,5.663536072
643000,1597000,8.081245422
644000,1597000,6.058761597
645000,1597000,1.460037231
646000,1597000,-3.045944214
647000,1597000,-5.518508911
648000,1597000,-4.57459259
649000,1597000,-1.0728302
650000,1597000,3.163238525
651000,1597000,4.921951294
652000,1597000,7.192420959
653000,1597000,9.380325317
654000,1597000,10.86747742
655000,1597000,7.679641724
656000,1597000,6.199066162
657000,1597000,5.667297363
658000,1597000,4.898651123
659000,1597000,3.700614929
660000,1597000,3.385734558
661000,1597000,2.643257141
608000,1598000,-7.574531555
609000,1598000,-8.282073975
610000,1598000,-9.126037598
611000,1598000,-9.770774841
612000,1598000,-10.57299042
613000,1598000,-10.786026
614000,1598000,-10.80792236
615000,1598000,-10.65838623
616000,1598000,-10.1163559
617000,1598000,-9.861862183
618000,1598000,-8.204696655
619000,1598000,-6.685012817
620000,1598000,-6.003944397
621000,1598000,-5.797599792
622000,1598000,-4.819168091
623000,1598000,-4.395805359
624000,1598000,-5.837692261
625000,1598000,-8.681030273
626000,1598000,-10.04134369
627000,1598000,-11.00908661
628000,1598000,-11.21974182
629000,1598000,-11.24297333
630000,1598000,-11.66423798
631000,1598000,-11.86569977
632000,1598000,-11.85289764
633000,1598000,-12.16660309
634000,1598000,-12.26171875
635000,1598000,-11.9828186
636000,1598000,-11.40917969
637000,1598000,-10.34300995
638000,1598000,-8.643615723
639000,1598000,-6.357269287
640000,1598000,-3.467948914
641000,1598000,1.645759583
642000,1598000,7.409286499
643000,1598000,7.443397522
644000,1598000,4.167114258
645000,1598000,-1.747665405
646000,1598000,-6.087776184
647000,1598000,-7.563339233
648000,1598000,-4.87991333
649000,1598000,-0.418067932
650000,1598000,3.330665588
651000,1598000,5.62474823
652000,1598000,7.844261169
653000,1598000,9.050056458
654000,1598000,9.057601929
655000,1598000,7.169746399
656000,1598000,5.693466187
657000,1598000,4.875579834
658000,1598000,4.03150177
659000,1598000,3.586654663
660000,1598000,3.592956543
661000,1598000,3.217575073
608000,1599000,-8.069252014
609000,1599000,-8.837028503
610000,1599000,-10.02404022
611000,1599000,-10.37965393
612000,1599000,-10.6847229
613000,1599000,-10.83972931
614000,1599000,-10.85858917
615000,1599000,-10.60108948
616000,1599000,-10.05377197
617000,1599000,-9.619636536
618000,1599000,-7.840591431
619000,1599000,-6.11529541
620000,1599000,-5.445732117
621000,1599000,-5.283981323
622000,1599000,-5.199302673
623000,1599000,-5.977828979
624000,1599000,-7.688552856
625000,1599000,-9.813140869
626000,1599000,-12.18481445
627000,1599000,-12.244133
628000,1599000,-11.36321259
629000,1599000,-11.52787781
630000,1599000,-11.98165131
631000,1599000,-12.37953186
632000,1599000,-12.12322235
633000,1599000,-12.2665329
634000,1599000,-12.60115051
635000,1599000,-12.10466003
636000,1599000,-11.31238556
637000,1599000,-10.20317841
638000,1599000,-8.600914001
639000,1599000,-6.010025024
640000,1599000,-3.435638428
641000,1599000,0.846687317
642000,1599000,6.161621094
643000,1599000,5.331886292
644000,1599000,1.531448364
645000,1599000,-5.109336853
646000,1599000,-8.107528687
647000,1599000,-7.453987122
648000,1599000,-2.95513916
649000,1599000,1.146186829
650000,1599000,4.291351318
651000,1599000,6.684196472
652000,1599000,8.087409973
653000,1599000,7.688766479
654000,1599000,6.868286133
655000,1599000,5.869041443
656000,1599000,5.395355225
657000,1599000,4.994430542
658000,1599000,4.099128723
659000,1599000,3.777870178
660000,1599000,3.659980774
661000,1599000,3.472724915
608000,1600000,-8.56842804
609000,1600000,-9.199005127
610000,1600000,-10.22982025
611000,1600000,-10.14741516
612000,1600000,-9.918029785
613000,1600000,-10.16589355
614000,1600000,-10.15803528
615000,1600000,-9.535850525
616000,1600000,-9.080955505
617000,1600000,-8.597824097
618000,1600000,-7.887123108
619000,1600000,-6.288635254
620000,1600000,-5.063301086
621000,1600000,-4.903572083
622000,1600000,-5.520568848
623000,1600000,-7.32043457
624000,1600000,-9.519973755
625000,1600000,-10.21971893
626000,1600000,-11.05605316
627000,1600000,-10.80854797
628000,1600000,-10.00397491
629000,1600000,-10.97433472
630000,1600000,-11.69486237
631000,1600000,-12.17507172
632000,1600000,-12.06572723
633000,1600000,-11.95883179
634000,1600000,-12.36734009
635000,1600000,-11.52561188
636000,1600000,-10.59954834
637000,1600000,-9.707962036
638000,1600000,-8.029129028
639000,1600000,-5.892684937
640000,1600000,-3.327667236
641000,1600000,0.70929718
642000,1600000,4.058654785
643000,1600000,2.832145691
644000,1600000,-1.78553009
645000,1600000,-7.10610199
646000,1600000,-8.09577179
647000,1600000,-5.85987854
648000,1600000,-0.80821991
649000,1600000,3.03666687
650000,1600000,5.542633057
651000,1600000,6.813537598
652000,1600000,7.50138855
653000,1600000,5.234901428
654000,1600000,3.953620911
655000,1600000,4.269775391
656000,1600000,5.12260437
657000,1600000,5.335845947
658000,1600000,4.393569946
659000,1600000,3.887001038
660000,1600000,3.618247986
661000,1600000,3.419685364
608000,1601000,-9.427062988
609000,1601000,-9.637382507
610000,1601000,-10.24226379
611000,1601000,-10.06185913
612000,1601000,-9.289764404
613000,1601000,-9.073829651
614000,1601000,-9.464302063
615000,1601000,-9.099761963
616000,1601000,-8.410736084
617000,1601000,-7.765815735
618000,1601000,-7.316711426
619000,1601000,-5.95665741
620000,1601000,-4.210632324
621000,1601000,-4.161437988
622000,1601000,-5.073684692
623000,1601000,-7.420021057
624000,1601000,-9.964179993
625000,1601000,-10.45774078
626000,1601000,-10.72206879
627000,1601000,-10.89305115
628000,1601000,-10.60848236
629000,1601000,-10.93370056
630000,1601000,-11.38663483
631000,1601000,-11.6436615
632000,1601000,-11.45627594
633000,1601000,-10.82850647
634000,1601000,-10.68097687
635000,1601000,-10.52006531
636000,1601000,-9.573150635
637000,1601000,-8.670501709
638000,1601000,-7.09161377
639000,1601000,-4.922805786
640000,1601000,-2.302787781
641000,1601000,1.892585754
642000,1601000,4.111679077
643000,1601000,1.441322327
644000,1601000,-4.308609009
645000,1601000,-7.312255859
646000,1601000,-7.364517212
647000,1601000,-3.258651733
648000,1601000,1.506141663
649000,1601000,4.005622864
650000,1601000,6.85357666
651000,1601000,7.020187378
652000,1601000,5.350845337
653000,1601000,3.322471619
654000,1601000,2.744285583
655000,1601000,3.499557495
656000,1601000,3.569664001
657000,1601000,4.494781494
658000,1601000,4.277999878
659000,1601000,3.988105774
660000,1601000,3.691711426
661000,1601000,3.400131226
608000,1602000,-10.02020264
609000,1602000,-10.66604614
610000,1602000,-11.0687561
611000,1602000,-10.90894318
612000,1602000,-10.52439117
613000,1602000,-9.833358765
614000,1602000,-9.924125671
615000,1602000,-9.869216919
616000,1602000,-8.859092712
617000,1602000,-7.751998901
618000,1602000,-6.637458801
619000,1602000,-5.246566772
620000,1602000,-4.068450928
621000,1602000,-4.122169495
622000,1602000,-5.071784973
623000,1602000,-7.496200562
624000,1602000,-9.379745483
625000,1602000,-9.504478455
626000,1602000,-10.0337677
627000,1602000,-10.41686249
628000,1602000,-10.94612122
629000,1602000,-11.23192596
630000,1602000,-11.54055786
631000,1602000,-11.71852875
632000,1602000,-11.43728638
633000,1602000,-10.12071228
634000,1602000,-9.598518372
635000,1602000,-9.897872925
636000,1602000,-8.749664307
637000,1602000,-7.544654846
638000,1602000,-6.165626526
639000,1602000,-4.307090759
640000,1602000,-2.448547363
641000,1602000,0.130271912
642000,1602000,1.029022217
643000,1602000,-1.16558075
644000,1602000,-4.644462585
645000,1602000,-5.726806641
646000,1602000,-3.906219482
647000,1602000,0.210708618
648000,1602000,2.866744995
649000,1602000,4.744903564
650000,1602000,5.954521179
651000,1602000,4.203414917
652000,1602000,2.268608093
653000,1602000,1.923355103
654000,1602000,1.982254028
655000,1602000,2.350341797
656000,1602000,2.640655518
657000,1602000,3.297439575
658000,1602000,3.79434967
659000,1602000,3.987373352
660000,1602000,3.563079834
661000,1602000,3.229156494
608000,1603000,-11.52966309
609000,1603000,-11.78486633
610000,1603000,-11.64546204
611000,1603000,-11.66036987
612000,1603000,-11.47155762
613000,1603000,-10.75112152
614000,1603000,-10.48124695
615000,1603000,-10.31578827
616000,1603000,-9.004837036
617000,1603000,-7.399230957
618000,1603000,-6.248405457
619000,1603000,-4.898895264
620000,1603000,-3.786659241
621000,1603000,-4.281303406
622000,1603000,-5.472724915
623000,1603000,-7.340141296
624000,1603000,-8.719406128
625000,1603000,-8.98400116
626000,1603000,-9.744415283
627000,1603000,-10.18696594
628000,1603000,-11.12310791
629000,1603000,-11.45350647
630000,1603000,-11.63611603
631000,1603000,-11.91832733
632000,1603000,-12.00232697
633000,1603000,-9.417976379
634000,1603000,-8.853065491
635000,1603000,-9.197525024
636000,1603000,-8.291755676
637000,1603000,-6.933799744
638000,1603000,-5.74697876
639000,1603000,-4.310462952
640000,1603000,-3.196144104
641000,1603000,-2.037025452
642000,1603000,-1.568405151
643000,1603000,-3.508209229
644000,1603000,-6.37411499
645000,1603000,-4.246269226
646000,1603000,-0.742370605
647000,1603000,1.074142456
648000,1603000,2.311721802
649000,1603000,3.985572815
650000,1603000,3.986618042
651000,1603000,2.43094635
652000,1603000,1.272918701
653000,1603000,0.993255615
654000,1603000,1.321243286
655000,1603000,1.972038269
656000,1603000,2.386032104
657000,1603000,2.702133179
658000,1603000,3.460357666
659000,1603000,3.751693726
660000,1603000,3.28881073
661000,1603000,2.838874817
